"Danilo",
"john carlo",
"Elbert",
"richard",
"ramon jr.",
"Gerry",
"Ronilo",
"Juanito",
"Jufel",
"John Bryan",
"Dindo",
"rayki",
"joy",
"roel",
"crisanto",
"sonny boy",
"JERRY",
"julius",
"dominador jr.",
"jose",
"melende",
"ronaldo",
"bayani",
"junard",
"Eduardo, Jr.",
"Servillano",
"DEAN RIC",
"Ponciano",
"Arturo",
"Alberto",
"Adolf",
"Benito",
"Herbie",
"Ramon Fiel",
"Roland",
"Joegie",
"Marken Gale",
"Sandro",
"Franklin, Jr.",
"Edilberto",
"Arnel",
"Helbert",
"alexis",
"Michael John",
"Enrique",
"John Arthur",
"Bienvenido",
"DARCY GUY",
"ALFREDO",
"Renato",
"Rexter",
"Ricky",
"Benedict",
"Ramel",
"Jonard",
"Andres",
"Laurence",
"Vicente Jr.",
"Policarpio",
"Keneth",
"Joseph",
"Diamond Jay",
"Ricardo, Jr.,",
"Dominador",
"MARVIN",
"Ronnie",
"Christopher",
"christian paul",
"Xyphrone Angelo",
"Federico Jr.",
"Lawrence",
"Neyo",
"Alden",
"Glery",
"Sionie",
"apolonio jr.",
"jerome",
"alvin",
"almario jr.",
"JONATHAN",
"Jayson",
"Louie",
"julieven",
"NACIANO",
"Renato Jr.",
"denn marc",
"samuel",
"Ranito",
"joem",
"meniano",
"alvin patrick",
"darwin",
"william gaylord",
"reynaldo jr.",
"jhonryn",
"john moces",
"raffy",
"roger",
"lito",
"rex kimberly",
"al ryanne",
"francis",
"rockman",
"ernesto",
"angelo",
"jeffernan",
"leonardo",
"danny",
"paul john",
"franklin",
"robert john",
"clarence",
"ranilo",
"cristobal",
"edison",
"cesar",
"dennis",
"Agney",
"Gerardo",
"Ilagan",
"Rizaldy",
"WALTER",
"Arvin",
"Rafael",
"John Fitzgerald",
"Voltair",
"Adulfo",
"Benjamin",
"RONALD",
"Urcesio",
"Erico",
"Raemon",
"Darren Joshua",
"Jaymark",
"JOSE PAOLO",
"Bryan",
"Leo",
"ROLAN",
"Rodel",
"Arthur",
"ROGELIO",
"NELSON",
"Mikhail Narciso",
"GABRIEL PAOLO",
"Galileo",
"MARCELINO",
"Sonny",
"JOB",
"cyril",
"Mark Kenneth",
"EMERSON",
"RANDY",
"FERMIN",
"ERIC",
"ROY",
"RODERICK",
"JUAN",
"ABELARDO",
"LORDINIO",
"JOEL",
"FRANCISCO",
"RAMIL",
"JOHN DARRYL",
"ACE YORK",
"KENNETH",
"RAYMOND",
"ROMEO",
"PAULO",
"HENRY",
"CARLOS",
"EDUARDO",
"IVAN LEWIS",
"JAYTON",
"Kiram",
"Salip Bensal",
"Garcia",
"Daniel",
"Haider",
"Romel",
"DOMINIC JR.",
"Mark Joseph",
"santino",
"Christoper",
"kerwin",
"Abdella",
"AZER-IAN",
"Basilio",
"Francis Andrew",
"Julieto",
"James",
"WILFREDO",
"LARRY",
"ORLANDO",
"Ronan",
"Joven",
"FREDDIE",
"JAIME JR",
"ELIAS",
"ABDURASUL",
"Alyasir",
"Ariel",
"JEFFERSON ISAAC",
"Dante",
"Oliver",
"Johannes Roel",
"Demosthenes",
"John Wilbert",
"Jun Gelmar",
"John Eric",
"FLORIANO JR.",
"julianito",
"JAIME",
"ROLDAN",
"GODFREY",
"NERIO BENITO",
"TITO",
"CHARLES CYRIL",
"MIGUEL, JR.",
"MARK CHESTER ANTHONY",
"HERBERT",
"JOSE GERARDO",
"JOHN MARTIN",
"JEFFREY",
"REYNALDO",
"JAMES-RICHARD",
"LOCARDO",
"ARVIN KIM",
"Arjohn",
"Patrocinio",
"Rodante",
"Regin Rex",
"Noel",
"Aniano",
"Hermogenes",
"Felamer",
"VIRGILLO",
"Jimmie",
"JUDY",
"Rodrigo",
"IAN JAY",
"Ferdinand",
"SANCHO",
"John Antonio",
"MARLON",
"Jessie",
"Isagani",
"Amado",
"elmar",
"ROBERTO",
"Voltaire",
"Peter",
"Werson",
"Yaledegler",
"Jomar",
"Ron Ralph Kenneth",
"Erwin Karl",
"Antonio",
"Hadji Miguelito",
"Rainer",
"Gregorio",
"Kevin",
"Erickson",
"Aristotle",
"Pablito",
"ELESIO",
"Eugenio",
"Gemar",
"Tomas",
"WENDELL",
"Arnold",
"Abdul-Aziz",
"Gilbert",
"Regan",
"Octavio",
"Nestor",
"Isidro",
"Gary",
"Harvie",
"Alejandrito",
"junlever",
"Pio",
"Marino",
"RAFAELITO",
"Kinston",
"Homer",
"EARL JOHNZEN LUIZZI",
"REGINAND",
"Saturnino",
"Jovan",
"herminigildo",
"DONALD",
"Joselito",
"Richilo",
"Ramon",
"Nilo",
"Andrey",
"Nicanor",
"David",
"Alex",
"Rommel Sr.",
"Christian",
"Angel",
"Rustum",
"Mark",
"Wilfred",
"Angelito",
"Kim",
"Santiago",
"Leandro",
"Richie",
"Herman",
"Julito",
"Faoher",
"Maula",
"Boyet",
"Datucon",
"Bouden",
"Almahdin",
"Usop",
"Kasan",
"Umar",
"Muhammad Ali",
"Mohamad-Sidik",
"Basnarin",
"Yassin",
"Primitivo",
"Randolf",
"Eddie",
"Mario",
"Rolando",
"Samen",
"Augusto",
"George, Jr.",
"Oscar",
"Rosell",
"George",
"Cayetano",
"PEDRO JR.",
"Lemuel",
"Floro",
"Isabelo Jr.",
"Edmundo Jr",
"Ranulfo",
"Jimmy",
"Arman",
"Gabriel",
"Edwin",
"Jesson",
"Jhay Rico",
"Milbert",
"DINDO JOHN",
"randolph",
"Pedro Jose",
"Elalbe",
"Gregorio Jr.",
"HAJJI",
"Jay",
"Juancho",
"QUIROBEN",
"Aldrin",
"RAYMUNDO",
"Runato",
"Cardrew",
"Ismael",
"Virgilio Jr.",
"EMMANUEL",
"Jubert",
"Jacinto",
"Arlac",
"William",
"Yusof",
"Erich",
"Manuel",
"Romeo, Jr.",
"Ernesto Jr.",
"Allan",
"Elizalde",
"Aldwin",
"Joey",
"Kem, Jr.",
"Neil",
"Robinson",
"Victor Paul",
"Manny",
"Teng",
"Marlow",
"Alzier",
"Eliazaro, Jr.",
"ALHARID",
"Albert",
"Jannaris",
"Sanny",
"Jesus",
"Redentor",
"Arlan",
"Emory",
"Fe",
"Edgar",
"Celso",
"Bernabe",
"Anthony Zeus",
"William Roderick",
"Ruel",
"Alexander",
"Frederick",
"Emmanuel Victor",
"Rey",
"Ranier",
"Salvador",
"Cozeth",
"Joseph Randolph",
"Julian",
"Rex",
"Antonio      Jr.",
"Geronimo",
"Ronaldo   Jr.",
"Ray",
"Enerio",
"Elly",
"EULALIO",
"ODUBIAS",
"Alejandro",
"Reynante",
"Rosmindo",
"Cresencio",
"Democrito",
"Renelou",
"Carlito",
"CELESTINO",
"rafael jiego",
"Junry",
"Dave",
"lorenzo",
"DOMINGO JR",
"EGBERT",
"ADIN",
"MICHAEL",
"marilou",
"Mervin",
"Ramcis Mark",
"Jaime, Jr.",
"epitacio",
"alejo jr.",
"marlou",
"martiniano",
"agustin noel",
"duLce regina",
"lamberto",
"owen",
"jenson",
"blas, jr.",
"lynold",
"robert",
"hector",
"neil michael",
"ryan",
"jim",
"jojit",
"andrew",
"bazil",
"ervin",
"allen",
"mombao",
"john",
"Edgardo",
"Lordennis",
"mickael",
"Mauricio",
"Jorge",
"Presyl",
"Eden",
"Teodoro",
"Erland",
"Ruben",
"ROMMEL",
"Rodrigo Jr",
"Flores",
"Glicerio",
"Lymar",
"Nito Ferdinand",
"Bienvenido III",
"Jerson",
"Alan Vincent",
"Judito",
"Philippine",
"Villamor Jr.",
"Leslie",
"Cielo",
"Alfrazier",
"Rey Cyril",
"Jade",
"JUN",
"RAUL",
"JUREX",
"James Richard",
"Delmar",
"ARNIEL",
"Ricardo, Jr.",
"Aurelio",
"Mario, Jr.",
"BONWEL",
"LEO BARTZ",
"Efren",
"Niño",
"Ernesto, Jr.",
"Dexter",
"EDMON",
"Tirso",
"RAMILO",
"SONY",
"Patrick Henry",
"PHILIP",
"Federito",
"BEMBOL",
"JUN JUN",
"ERWIN",
"Roque",
"Adorando",
"MELCHOR",
"DIOMEDES",
"Sammy",
"Telesforo, Jr.",
"Elmer",
"Dennis ,Sr.",
"Martin",
"Carolino",
"Filip",
"Victor",
"Ludovico , Jr.",
"AMANCIO",
"CHESTER CARL",
"Russel Jim",
"Joewe",
"John Rey",
"Avelino, IV",
"Rusiel",
"Kirk Arvin",
"Luis",
"REX ANGEL ",
"ELOISA",
"Virgilio",
"Jhonmark",
"Reynaldo, Jr.",
"Alfredo, Jr.",
"JESTER",
"Marcial",
"Menandro",
"Fortunato II",
"CHARLIE",
"Aladin",
"Simeon",
"Anthony Rayley",
"ELMEL",
"victoriano",
"rene",
"howard",
"antonio, jr",
"jose mari",
"crisostomo, jr",
"nymrad",
"rgie",
"vincent",
"victoriano, jr",
"rustom",
"abraham",
"reynold",
"victor hugo",
"gervic",
"jan elvin",
"frank ray",
"gorgonio",
"edward",
"jose emilio",
"andro",
"jayme",
"lazara",
"bernard",
"demie, jr.",
"rodolfo",
"jess",
"lino, jr.",
"arturo, jr.",
"gary paul",
"rico",
"jimelino",
"fernando, jr.",
"benedicto",
"yadzwan",
"louis",
"restyjames",
"DULCISIMO JR.",
"jocelyn",
"vic",
"dominador, jr.",
"fortunato, jr.",
"lorenzo,jr.",
"namri",
"francis, sr.",
"Romuel",
"Gener",
"Ricarte",
"Romulo",
"Aniceto",
"Bencio",
"Modesto",
"Alfonso",
"NELWEEN",
"DONFERMIN",
"ROSAURO",
"BRIGIDO",
"BONIFACIO",
"RICARDO",
"EROLL",
"ANATOLY RAPHAEL",
"AMABLE",
"ROLLY",
"LEONARD",
"Nathaniel",
"WENCESLAO",
"PRISCO",
"ARNULFO",
"CLIMACO",
"RODOLF JOHN",
"PATRIA GLORIA",
"RHEGELYN",
"GRECO",
"ARJAY",
"MODESTO CLARO JR",
"Clifford",
"ADELARDO",
"Ador",
"PATRICIO",
"Merlino",
"Norman",
"Mariano",
"German Rhon",
"Fabian",
"Garry",
"Arnaldo",
"siegfredo",
"Josiah",
"Raisen",
"Ananias",
"Chito",
"Rheex",
"Archie",
"Moresto",
"Luis Gaudencio",
"Rivera",
"Catalino",
"ERNANI",
"Crispino",
"Mansueto",
"Bruce",
"paterno",
"Nimrod",
"Eligio",
"Mario Muzueto",
"Aser",
"Macario",
"Plaza",
"Feliciano",
"Arsenio",
"Jake",
"Jhon Bryan",
"FAUSTINO",
"Cipriano",
"Elegario Jr.",
"Brian",
"Romulous",
"Wilfredo Jr.",
"jan michael",
"roselle",
"danilo, jr.",
"bryan joy",
"warlito",
"Minard",
"Pepito",
"Hermiette",
"Micron Rey",
"Samoore",
"Lord Jayson",
"SHERWIN",
"Macrino",
"Junar",
"John Lendle",
"Titus Frederick",
"Edric",
"Mnazrul",
"Great",
"Michael Vincent",
"florante",
"denizon",
"arturo jr.",
"romeo emmanuel",
"marjuni",
"ALAWI",
"delson",
"manolo",
"shierhan",
"sobair",
"malcolm",
"nicolas",
"armando",
"Samsudin",
"rey mark",
"NICANOR JR.",
"manolito",
"ryan laurence",
"amancio, jr.",
"Mocamad",
"genaro",
"jeremias",
"cirilo",
"george jose maria",
"totoh",
"amar",
"omar-mykdac",
"mohammad nur",
"marcos",
"DARLAN JR.",
"bernardo",
"bobby",
"paulino",
"rheo",
"ARSIL",
"MARBEN",
"Jonel",
"Francisco Jr.",
"Mark Francis",
"ANGELINO",
"josephus",
"Debster",
"Jefrey",
"ARGIE",
"benjie",
"RHODERICK",
"Edson",
"Elvira",
"felipe",
"ALEJANDRO Jr.",
"ENRIQUETA",
"ROSELITO",
"john paul",
"leopoldo",
"hernor",
"clarenz ken",
"MAXIMIANO",
"CLEMENTE Jr.",
"jonald",
"ordequito",
"edgardo jr.",
"guillermo jr.",
"july",
"geronimo jr.",
"Jezreel",
"benny",
"hobert",
"JOSEMILO",
"JOSE ALDRIN",
"RICHELDA",
"OGIE",
"CESAR, JR.",
"VIRGILIO, JR.",
"ELVERN",
"MAXIMAR",
"Fernando",
"Joe Marie",
"JOHN JENNIS",
"Omar",
"Plaridel",
"Teodmhar",
"Harold",
"rollen ivans",
"Simposroso",
"Gerechie",
"Leonil",
"Luel",
"MATILLANO",
"samson",
"arfe",
"jervies",
"SALEM",
"ABOULYAKIN",
"JUPITER",
"MARLON FRANCIA",
"ROMAR",
"MOISES",
"celieto",
"Ivo",
"VICENTE JOSE II",
"jonivil",
"NASSER",
"SALIK",
"Reynald",
"abner",
"isabelo",
"adonis",
"Johnnel",
"JOHN MICHAEL",
"GLADYS",
"Germanico",
"Rhodeline",
"Joenary",
"RITCHYL",
"harvey",
"angelito jake",
"Rodolfo II",
"sherlito",
"Felix III",
"samy",
"IAN FRANCIS",
"ROBELBERT",
"paul michael",
"ELTRICK JOHN ",
"Angelie",
"JESTONI",
"SEAN",
"TEODORO JR.",
"iryll",
"camalodin",
"RESTITUTO",
"domingo jr.",
"jerel",
"john laurence",
"ASRAF",
"GENE ICELL",
"JOEVER",
"ROBIN",
"KERVIN",
"HUBERT",
"LEOPOLDO, JR.",
"BILMON",
"NASROON",
"ROWEL",
"JOURVEN",
"husin",
"jenielito",
"AL-JASTRIE",
"HAHMIM",
"DANO",
"JOMMEL",
"ARNIE",
"CLARITO",
"jaycel",
"denton",
"NERLITO",
"NICASIO, JR.",
"ANTHONY",
"jessie james",
"Mezchor",
"EDELARDY",
"ROMUALDO",
"eduard henry",
"Ardle",
"JOHNNY",
"Julius Ceasar",
"lowell",
"longino",
"Rundolf",
"jojo",
"noriel",
"ramoel",
"Marjun",
"JOSEPH JAY",
"edmund",
"wilson",
"cesario",
"EDNEL",
"Valentine",
"Arien Marc",
"vincent emmanuel",
"JAYPEE",
"Felix",
"Felicisimo",
"GODOFREDO",
"Inocencio",
"jenifer",
"bhenjo",
"Villamor",
"waldymar",
"Denis",
"bernardo jr.",
"Warden",
"andy",
"Jimmuel",
"herminio jose",
"Esteban",
"LINO",
"VANBORIN",
"sasha Joseph",
"MACARTHY",
"VICENTE",
"Allan Ross",
"RINAN",
"ALLAN REY",
"JULIUS RHYAN",
"JONAR",
"FERNANDO JR.",
"MARJU",
"TEOTIMO JR.",
"MEYNARD",
"JERIEL",
"AGOSTO",
"ALFRED",
"B.BHIVIAN",
"JEFFERSON",
"ERICSON",
"ELEONARDO",
"ALAN",
"ERSON",
"ANDIE",
"EMILIO",
"CASIMIRO JR.",
"NELEUTERIO",
"June",
"Lida",
"Felix Jr. ",
"Jose Ronnie",
"Markez",
"PATRICIO JR",
"MELREY",
"ERDIE",
"JACKY",
"SEVERO",
"FORTUNATO JR.",
"Christian Jay",
"michel",
"erick john",
"Ron April",
"Sammil Richard",
"jezrahel",
"evan carlo",
"darius",
"jeremias iii",
"Jesrelle",
"herber",
"Artemio",
"Jose Armenio",
"LUISITO",
"jayjay",
"rodil",
"edmundo",
"joewel",
"raquiel",
"melchor jr",
"Ernifer",
"bonifacio jr",
"Anacleto",
"Samsom",
"diones",
"ceasar",
"rotcher",
"edsel",
"Rhonald Rey",
"ELIZER",
"augosto",
"cipriano jr",
"ramir",
"fortunato",
"JHAN MARK",
"veronico",
"JOSE ANGELO",
"Eleuterio",
"GERARD",
"JOSEPH MAR",
"Kaye Mark",
"JOLAN",
"ELENA",
"Mark Timothy",
"RANILO JR.",
"LEMWELL",
"JO MAR",
"ROMARICO",
"WERLITO",
"MACARIO JR.",
"Ronel",
"victor, jr.",
"jose richard",
"SCHUBERT ANTHONY",
"noelito",
"miguel mac",
"zaldy",
"nordy",
"jose niro",
"jude ulysses",
"jess marlove",
"fiel",
"ronil",
"isaiah",
"bianito",
"faviolito",
"lordjim",
"gregorio cyrus ",
"senen",
"glenn",
"giparel",
"naser",
"jr simed joseph",
"joseph irwin",
"anthon john",
"felix romy",
"rufino",
"kenn norway",
"pedro melchor",
"alhadzmar",
"arden",
"marcom",
"jovenal",
"lope",
"dexter jones",
"fitz gerald",
"junnel",
"calick",
"ronelo al",
"lorie emmanuel",
"NORBERTO",
"alnulfo ",
"genis",
"david  jr.",
"ronico",
"pedro",
"Jose Roberto",
"rhum",
"cristito",
"gregonio, jr",
"margarito jr.",
"modesto jr.",
"hartzell",
"adolfo",
"aguedo",
"artemio jr.",
"carlo",
"felmar",
"jerrimie",
"levi",
"donato  jr.",
"emeterio  jr.",
"anselmo",
"rodrigo  jr.",
"medarlo",
"diosdado",
"Paul",
"Fluelleh",
"Asenio",
"Israel",
"Salustiano",
"John Alnieven",
"Frengie",
"Agustin Jr.",
"Ermi",
"Renante",
"Maximo Nelson",
"Odille",
"Alberto Jr.",
"Bemar",
"Woodrow",
"Joclin",
"Norman Raul",
"Mark Anthony",
"Salvador Jr.",
"Cyrus Yonel",
"jolly Jr.",
"Jojery",
"neri",
"michell",
"KAMIL",
"airon",
"remus",
"ritchell",
"leorisyl",
"winnie",
"asek",
"suzanne marie",
"francis cesar ",
"aporando",
"donato'",
"hereberto jose",
"charles",
"eugenia",
"gervacio",
"magdaleno",
"reniel patrick",
"francis kenneth",
"ivan honorpette",
"rolito",
"lerma",
"ROGIN",
"vincent santi",
"benjamin, jr.",
"noel josep",
"Wilberto",
"ephraim",
"sabado",
"feliciano jr.",
"whitney",
"federico",
"artero",
"crispin jr",
"mark jefferson",
"dionisio toribio",
"miguel jr.",
"bualan jr",
"german",
"jourdan",
"paufilo",
"kahar",
"romelito",
"valentin jr.",
"john gregory",
"ignacio jr",
"redjandi",
"ferdie",
"baltazar",
"demie",
"lloyd",
"flordelyn",
"mauro",
"dominico",
"wilmore",
"raynan",
"ramilito",
"agustine",
"florentino jr",
"rosalo",
"rodolfo jr",
"reynaldo jr",
"jesnar dems",
"hammy",
"armin",
"pat",
"rebonfamil",
"rowell",
"celeto",
"adefer",
"roy angelo",
"elson",
"ralph",
"giovanni",
"jose pedro",
"jarme",
"bebiano",
"regner iii",
"martin jr.",
"marlaw",
"eloi",
"crestito",
"jeremy",
"arnulto",
"Jay Ronald ",
"JET",
"gaudencio",
"lornell",
"agustin",
"basher",
"marcelo",
"yeldez",
"josevic",
"ELJUN",
"KING MELVIN",
"JOSEFINO II",
"KARL",
"AKEEM JOE",
"LUCMAN",
"JOSANLO",
"SERAFIN",
"porterio",
"AGNES",
"irenio jr.",
"ransel",
"jose jr.",
"marion lester",
"phel",
"rhyan",
"leogiver",
"juanito, jr.",
"chris",
"earl francis",
"hernan",
"henrick",
"reyneth renan",
"crist john",
"brando",
"alfons jayson",
"JOEY-REY",
"crison",
"winston",
"rodgie",
"haron",
"galcoso",
"meliton",
"EDDIE JR",
"JOHNEY",
"JOHN GIL",
"ROMER",
"BENJAMIN  JR.",
"JERUEL",
"ORBIVITAMO",
"BART",
"JOSE RENE",
"reymart jay",
"jorge, sr",
"aldin",
"ERLEO",
"jerahmeel",
"khad",
"Wilmar",
"Eugene",
"jason",
"kirk",
"renier, jr.",
"gil",
"joriz",
"nerisa",
"domingo,  jr.,",
"rex john",
"heracleo",
"cristy",
"sherwin kenneth",
"philip anthony",
"arlo",
"dobie",
"anelito",
"anastacio, jr.",
"Wilmer",
"Jamin",
"xyric jan",
"demar",
"daryl",
"martes",
"joshua",
"carib",
"ildie",
"quirico",
"jose sol",
"ernie",
"antonio jr.",
"jay mark",
"mark merril",
"yasher",
"alver",
"cris anthony",
"alfred james",
"pollie",
"willie claudio",
"rodelio",
"ireneo",
"reden",
"mark ryan",
"fidel jr.",
"ANTONIO JR",
"ARNOLD JR.",
"ELEAZER",
"dean ernest paul",
"MARCELINO JR.",
"MAGDALENO JR.",
"solito",
"JEREMIAH",
"JOHN LEE",
"JULIO",
"maximo",
"frank",
"RUSCO",
"brace dave immanuel",
"hilario",
"NATHANIEL II",
"JOHNNITO",
"ROJEL",
"AL",
"SOLOMON",
"JOHN JOHN",
"DIONISIO",
"ROBERT JR.",
"PATRICIO FRANCISCO",
"JHOMAR",
"JAY-AR",
"VIRGELIO",
"ABDULRADZAK",
"rodrigo jr.",
"gerg anrol",
"hugo iii",
"rueben ezra",
"aaron",
"florante jr.",
"markelvin",
"promytheous joseph",
"johnson",
"maurison",
"lauro",
"wilfrend",
"james bryan",
"labi jr.",
"chevy",
"reymar",
"john philip",
"mark kevin",
"irlo",
"melvin",
"jerico hiel",
"aldren",
"lodevics",
"jovel",
"romeo jr.",
"peterson",
"joebe",
"jaynes",
"michael francis",
"al bambino",
"estelito",
"amor",
"FANER",
"FIDENCIO Jr.",
"ELAN",
"jose john",
"rexcel",
"mahnnie",
"arcsel gerard",
"joerrie",
"reyjean",
"g.l. john",
"uldarico jr.",
"gumersindo jr.",
"franco",
"gracia rodel",
"nicetas",
"norlene",
"engelbert",
"edrichelle",
"mars",
"jan victor",
"julio, jr.",
"seymour",
"christian jerome",
"carlo miguel alfonso",
"donard",
"hector bailey",
"raymund",
"michael jude",
"petronio, jr.",
"lindo jr.",
"anacleto, jr.",
"max",
"ranie livero",
"joey marie",
"JAYVY",
"hector paolo",
"earl",
"exelsis deo",
"gervasio jr.",
"philips",
"lester helon",
"harley",
"apple john",
"mark christopher",
"bryll",
"argie ray",
"mark carlo",
"john lawrence",
"emman dwight",
"joseph melbert",
"agan mark",
"jonie",
"rudy",
"thomas",
"corisis",
"kent anthony",
"norbert",
"jeodhel",
"anthony augusto",
"ryan romnick",
"janilo",
"joemar",
"roseo, jr.",
"JOHN JERSON",
"JONAZ ROGEL",
"WILFRED DEXTER",
"SALVADOR, JR",
"CRISPIN",
"FREDYL",
"JAN STEVE",
"gilore",
"Junrey",
"Donato",
"Frankie Jr.",
"Joseph Joy",
"Domingo ",
"Abdul Gaffor",
"romualdo jr.",
"Arbie",
"Elgen",
"Kevin Honey",
"Darry",
"Rodello",
"Sanny Boy",
"Niel",
"Avemar",
"Rosalio",
"Jovito",
"Al Stephen",
"Nyms",
"Rustico",
"Edbert",
"dingson",
"asterio",
"merlito",
"barmie",
"Lester",
"joseph iv",
"gail",
"abdilla",
"emiliano",
"sylvio",
"peter van",
"bejay",
"johnfecar",
"junel",
"irwin",
"honorato",
"Nelson jr. VI",
"Roberto Jr.",
"Enrile Jr.",
"Harry ",
"Nelbin",
"Ambrocio ",
"Evelio antonio ",
"Redempto",
"Benjamin Jr.",
"Dennis Sr.",
"Ceneta",
"sofronio",
"ferrer",
"arlon",
"ricky boy",
"avel",
"Marlowe Louis",
"dean",
"jean francis",
"arcenoel",
"Christian Edu",
"leviticus, jr.",
"Willy",
"Medardo",
"Lyndon Marc",
"Leonilo",
"jared jar",
"JAIME LEON",
"naszer",
"arthur michael",
"jedylon",
"jhon mark",
"leo bill",
"regel",
"arian aime",
"junril",
"waren",
"milou",
"rodoleo",
"franklyn",
"racy",
"jaycee",
"johnell",
"leo irwin",
"kim eric",
"james robert",
"noe",
"christopher david",
"pablo",
"Venancio",
"Narciso Jr.",
"Decimes",
"Jose, Jr.",
"Aldim",
"Serafin III",
"Hernando",
"Isaiash",
"Ervie",
"Rezve",
"Simed Joseph, Jr.",
"earl adrian",
"Madison",
"Lev Alburt",
"Elino",
"Emeterio Jr.",
"Avelino",
"Amerphil",
"jhon rey",
"froilan",
"reymark",
"ross",
"salvador, jr.",
"romulo, jr.",
"roy albert",
"johnlord",
"roy allan",
"ali",
"ray harvey",
"mark lorenz",
"rhey",
"RALEIGH",
"LEOMAR",
"BRYANT",
"ERIC JR.",
"NESTOR PAUL",
"AL-AMEEN",
"STEPHEN",
"RECHIE",
"ALISON",
"ERROL",
"JONES",
"HENRY JOHN",
"ALGIE",
"SHANNON",
"GENE",
"SEVERINO JR.",
"ROMINEL",
"ABRAHAM, JR.",
"ZANDRO",
"JONAS CRISTIAN",
"marte",
"BRAIYAN STIVE",
"benros",
"TEDDY",
"ABAI AMMAH",
"CALVIN JR.",
"ZESTHOMAS",
"ALI JR.",
"RONELO",
"MAILON",
"NELSON JR.",
"REMEDIOS",
"KIM MERVIN",
"MARK JOHN MARCOS",
"ERMANN",
"leoval",
"jesus marte",
"jordan",
"randy boy",
"leopoldo jr.",
"renel jay",
"genest",
"azarias",
"JESSE",
"JESUS ESTEBAN",
"RENNIE",
"ELISO JR.",
"JAIME FROILAN",
"JOSE GIL",
"JAY GARRY",
"junevir",
"AGUINALDO",
"johann",
"bimbo",
"junjun",
"eric john",
"niÑo Paulo",
"mark dave",
"lynerd bobby",
"dominic",
"gerson",
"june bence",
"nazareth",
"byron aloysius",
"bathani",
"ted",
"novelio",
"edward ryan",
"osias",
"rex hussein",
"giovanni rex",
"cecilio",
"jose alvin",
"mher",
"laberne",
"lyndon",
"marck",
"reginald",
"jorly",
"reynan",
"jackie",
"b",
"elixes",
"roselio",
"ross chito",
"ely",
"gierson",
"johnsen",
"mherlyn",
"merly",
"bernaldo",
"butsoy",
"elven",
"reynel",
"QUINN NORMAN",
"BENEDICK WARREN",
"CORNELIO",
"DELIO",
"MANUEL LUIS",
"EUGENIO JR.",
"CESAR CHESTER",
"VISMARK",
"URSINO",
"EDDY",
"elvin",
"rex cairos ",
"phillip ",
"Paul Anthony",
"jay andrew",
"ersyl",
"marth",
"jhomer",
"john lloyd",
"salman",
"yassier",
"floramante",
"arjimar",
"ivan paul",
"conrad ladislee",
"jose evie",
"arvie",
"ansar",
"eleazar",
"edezar",
"jim boy",
"robert jame",
"marciano",
"perfil",
" virthur",
"gelacio  jr.",
"john arnel",
"adriano",
"marianito",
"akbar",
"john ariel",
"ian christian",
"nonale",
"andrei",
"henden",
"dindo zoilo, jr.,",
"ivan",
"romie",
"ubaldo",
"rosendo",
"wilvenilo",
"charito",
"heraceo",
"jever",
"julie",
"nikko john",
"al-rashiff",
"abdula",
"Esmael",
"junie",
"datu jabir",
"Edgar alla",
"Dan Angelo",
"rosendo jr.",
"limwell",
"fedes",
"jose donnie",
"jamaes jr.",
"Hawajine",
"Datuali",
"hermen",
"joremien",
"nigel",
"gaudencio jr.",
"orchids",
"carlo vic",
"isidro Jr.",
"pedro jr",
"poley",
"Jerickson",
"wenefredo",
"Reagan",
"Romnick",
"Arlito",
"honesto",
"percival",
"feejay",
"George Emmanuel",
"john edward ",
"Canelo",
"dondon",
"ivan dyem",
"cozy",
"mohammad sata",
"nelskie",
"bryan phol",
"mark louie ",
"paul joseph",
"reckmar",
"benz",
"jovilory",
"jhunrey",
"margano",
"Frances",
"Alirna",
"jesedel",
"jun rick",
"sumaty",
"jether",
"john cris",
"norlie",
"john wayne",
"jaime jr.",
"juben",
"mark angel",
"roniel",
"mark james",
"wilber",
"ricardo jr.",
"jayrald",
"jerico",
"joed renz",
"joyen rey",
"radiant",
"francesco II",
"bernard allan",
"felomino jr.",
"rizaldo",
"ronnel",
"ronie",
"rojen",
"saurajan",
"jiger",
"peter paul",
"jairy jade",
"rigrig",
"joery",
"mariano jr.",
"bonn ryan",
"jefford harold",
"christian Mark",
"junbert",
"jose marie",
"reuben jay",
"felisemo",
"garry jr.",
"jubo",
"Randie",
"Nevard Glenn",
"r",
"mamerito",
"james michael",
"conrado",
"welbert",
"romy",
"Serapino Jr.",
"alquiver",
"dandie",
"Francis Ivan",
"sally",
"melvin chito",
"albert joseph",
"jeffrie",
"Jonnie",
"luvy john",
"philip john",
"jejomar",
"eligio jr.",
"dennes",
"bravo  jr.",
"ramar",
"raph albert",
"niel orven",
"marco",
"dio regine",
